level,role,target,win_rate,random_win_rate,within_tolerance,variant,parameter,median_final,median_end,median_moves_to_win,star1,star2,star3,new_mechanic
1,tutorial,0.97,1,0.96,true,0,moves 11,17350,5380,3,7000,7500,8000,collect
2,tutorial,0.97,1,0.79,true,0,moves 11,24110,9910,4,10500,11000,11500,
3,tutorial,0.97,1,0.95,true,0,moves 11,20170,6210,3,7000,7500,8000,striped
4,normal,0.92,1,0.7,true,0,moves 11,22700,9670,4,8500,9000,9500,
5,tutorial,0.92,0.967,0.33,true,0,moves 12,39070,23510,6,15500,16000,18000,jelly
6,normal,0.92,0.923,0.22,true,0,moves 13,41110,25880,6,18000,18500,19500,
7,tutorial,0.92,0.913,0.31,true,0,moves 12,15430,8730,6,6000,6500,7000,wrapped
8,normal,0.92,0.927,0.35,true,0,moves 14,13440,7400,9,5000,5500,6000,
9,tutorial,0.92,0.937,0.31,true,0,moves 13,34410,17860,6,14500,15000,15500,ingredients
10,breather,0.92,0.927,0.14,true,0,moves 15,37370,22550,8,18000,22500,27500,
11,tutorial,0.85,0.907,0.14,true,0,moves 12,15200,10030,8,6500,9000,11500,bomb
12,tutorial,0.834,0.867,0.31,true,0,moves 25,22680,7990,12,9000,9500,10000,order
13,tutorial,0.819,0.843,0.42,true,0,moves 10,10930,5980,6,4500,5000,5500,frosting
14,normal,0.803,0.8,0.08,true,0,moves 19,31040,19740,12,14500,18500,24000,
15,tutorial,0.787,0.843,0.08,true,0,moves 25,31420,21140,17,15500,20500,25000,jelly2
16,tutorial,0.771,0.82,0.17,true,0,moves 11,15990,10630,7,7000,9500,12000,combos
17,normal,0.756,0.727,0.09,true,0,moves 16,18130,12510,12,8500,10500,14500,
18,breather,0.74,0.767,0.21,true,0,moves 13,14160,8580,10,5500,6000,6500,
19,tutorial,0.724,0.777,0.18,true,0,moves 15,16020,9540,11,7000,8500,12000,cage
20,normal,0.709,0.733,0.07,true,0,moves 16,20000,13660,12,10000,12000,14500,
21,tutorial,0.693,0.723,0.32,true,0,moves 14,10050,5290,11,3500,4000,4500,portals
22,tutorial,0.677,0.753,0.07,true,0,moves 13,14510,9970,10,6000,8000,11000,cocoa
23,normal,0.661,0.667,0.08,true,0,moves 13,14860,10570,11,7500,9500,11500,
24,tutorial,0.646,0.703,0.07,true,0,moves 11,11840,8320,9,6500,7500,9500,fuse
25,normal,0.63,0.637,0.02,true,0,moves 15,23550,15210,10,10000,14500,18000,
26,normal,0.627,0.633,0.14,true,0,moves 13,12430,7190,9,5000,6500,9500,
27,normal,0.624,0.617,0.09,true,1,moves 19,17570,8910,11,7500,10000,13500,
28,normal,0.621,0.65,0.12,true,1,moves 15,14380,9510,12,5500,7500,10500,
29,normal,0.618,0.617,0.23,true,0,moves 31,19850,7200,17,6500,7000,7500,
30,hard,0.215,0.217,0.09,true,0,moves 17,10970,3890,11,5500,6500,8500,
31,breather,0.812,0.843,0.28,true,3,moves 16,18940,13850,12,9500,10000,11500,belt
32,normal,0.61,0.61,0.21,true,5,moves 15,9990,7040,12,5000,5500,6000,
33,normal,0.607,0.63,0.21,true,8,moves 16,16440,11630,13,7500,8000,10500,
34,normal,0.604,0.593,0.06,true,0,moves 16,23420,13700,10,12500,15000,18500,
35,normal,0.601,0.603,0.13,true,5,moves 16,15010,9870,13,6500,9000,11500,
36,normal,0.598,0.577,0.11,true,1,moves 10,11900,7360,8,5000,6500,8500,frosting3
37,hard,0.209,0.21,0.02,true,1,moves 15,12270,7990,13,7500,9000,11000,
38,breather,0.793,0.78,0.3,true,0,moves 15,13380,8070,11,5500,6000,6500,
39,normal,0.59,0.6,0.02,true,0,moves 15,21910,16670,12,10500,13500,16500,
40,normal,0.588,0.593,0.12,true,0,moves 29,19810,8100,17,8000,11500,14500,
41,normal,0.585,0.613,0.03,true,0,moves 20,24500,14960,13,11000,15000,19000,hazelnut
42,normal,0.582,0.583,0.22,true,0,moves 44,37700,13910,20,16500,17000,17500,
43,breather,0.78,0.767,0.13,true,0,moves 19,25350,14010,10,11500,14500,19000,
44,normal,0.577,0.627,0,true,0,moves 18,17830,12560,14,9500,11000,14000,
45,hard,0.201,0.22,0.02,true,4,moves 18,15170,9930,16,8000,9500,12000,
46,breather,0.772,0.76,0.12,true,1,moves 17,19390,13580,13,9000,11500,15000,swirl
47,normal,0.57,0.577,0.09,true,0,moves 18,15100,10390,15,7000,9000,11500,
48,normal,0.567,0.593,0.03,true,0,moves 17,19020,12850,14,9500,11500,14000,
49,normal,0.565,0.577,0.12,true,0,moves 24,21690,12470,14,11500,14000,18000,
50,normal,0.562,0.62,0.01,true,0,moves 22,33770,24970,17,17500,21500,26500,
51,normal,0.56,0.553,0.04,true,0,moves 20,16740,8530,14,6500,9000,12000,
52,normal,0.557,0.59,0.13,true,0,moves 15,14700,10290,12,6000,8500,11500,
53,hard,0.194,0.203,0,true,2,moves 18,20720,14010,16,13000,15500,18000,
54,breather,0.753,0.743,0.24,true,0,moves 15,9360,5330,11,3500,4000,4500,
55,normal,0.55,0.547,0.05,true,0,moves 22,23710,15170,14,11000,13000,18500,
56,normal,0.548,0.537,0.06,true,0,moves 18,19040,10900,13,8500,10500,15000,
57,normal,0.546,0.52,0.05,true,0,moves 13,22770,16860,10,14000,16000,19000,
58,breather,0.743,0.743,0.17,true,0,moves 20,17530,9870,14,7500,9000,13000,
59,normal,0.541,0.577,0.07,true,3,moves 15,15980,11140,12,8000,10000,12000,
60,hard,0.189,0.2,0.01,true,0,moves 20,28490,17160,15,16000,20000,23500,
61,breather,0.737,0.743,0.13,true,0,moves 13,19370,14630,10,10500,12500,15500,gift
62,normal,0.534,0.573,0.04,true,10,moves 19,21870,17180,16,13500,16000,18500,
63,normal,0.532,0.553,0.14,true,8,moves 16,11680,6890,12,4500,5500,8500,
64,normal,0.53,0.53,0.11,true,0,moves 17,11580,7810,14,5500,7000,9000,
65,hard,0.185,0.177,0.01,true,0,moves 14,21960,12440,12,11500,15500,17000,
66,breather,0.726,0.757,0.21,true,2,moves 17,18130,12130,13,9000,9500,10000,
67,normal,0.524,0.547,0.04,true,0,moves 15,25590,17860,10,13000,16500,20500,
68,normal,0.522,0.513,0.06,true,0,moves 19,16450,8470,13,7000,9000,13000,
69,hard,0.182,0.167,0,true,2,moves 13,16720,9830,11,11000,13000,14500,
70,breather,0.717,0.717,0.19,true,0,moves 56,50570,26470,28,28000,37000,43500,
71,normal,0.515,0.52,0.09,true,1,moves 15,28200,19940,10,13000,16000,22500,
72,normal,0.513,0.5,0.06,true,0,moves 16,19890,11370,10,10000,12000,15500,
73,breather,0.711,0.713,0.2,true,0,moves 20,23430,13730,13,10000,10500,13000,
74,normal,0.509,0.53,0.12,true,0,moves 15,19960,13430,11,10500,12500,16000,
75,superhard,0.091,0.083,0,true,0,moves 11,17620,10540,9,9500,13500,15000,
76,breather,0.705,0.657,0.16,true,0,moves 15,18130,13810,12,9500,11000,14500,
77,normal,0.503,0.517,0.08,true,1,moves 18,13460,8350,15,6000,7500,10000,
78,normal,0.501,0.523,0.1,true,0,moves 15,18200,13030,11,8000,10500,14000,
79,hard,0.175,0.17,0.04,true,0,moves 16,10320,6520,15,5500,6500,8000,
80,breather,0.698,0.7,0.15,true,0,moves 26,23710,9840,12,12000,14500,19000,
81,normal,0.496,0.517,0.03,true,0,moves 15,20120,12160,10,9000,12000,15500,
82,hard,0.173,0.143,0,true,0,moves 13,18410,9250,12,11500,13500,15000,
83,breather,0.692,0.67,0.19,true,0,moves 16,22180,15200,11,11500,14000,17000,
84,normal,0.49,0.5,0.07,true,0,moves 17,22560,11990,9,10500,13000,17000,
85,normal,0.488,0.483,0.03,true,0,moves 28,37660,28470,22,19500,25000,30500,
86,normal,0.487,0.47,0.13,true,0,moves 15,12200,7150,12,3500,5500,8500,
87,normal,0.485,0.54,0.03,true,0,moves 24,29640,17860,17,13500,19000,22500,
88,breather,0.683,0.737,0.09,true,0,moves 16,22170,15300,12,10000,13000,17000,
89,normal,0.481,0.483,0.11,true,1,moves 18,16020,6840,10,6500,9000,12000,
90,hard,0.168,0.143,0.01,true,0,moves 18,15980,10630,16,9500,12000,13000,
91,breather,0.678,0.68,0.21,true,0,moves 34,29590,11630,18,14500,15000,15500,
92,normal,0.476,0.52,0.07,true,0,moves 18,11920,7650,15,5500,7000,9000,
93,normal,0.474,0.553,0.02,true,0,moves 31,39720,22530,20,22000,27000,32000,
94,normal,0.473,0.493,0.05,true,0,moves 13,19290,13520,11,10500,12500,16000,
95,hard,0.165,0.167,0,true,0,moves 14,16270,8730,12,9500,11000,13000,
96,breather,0.669,0.74,0.05,true,0,moves 35,49650,31290,23,24000,32000,41500,
97,normal,0.468,0.533,0.01,true,1,moves 18,22810,16310,13,10500,15000,18500,
98,hard,0.163,0.17,0.01,true,8,moves 17,11740,6130,15,5000,6000,8500,
99,breather,0.664,0.743,0.07,true,1,moves 19,17060,10920,15,8500,10500,12500,
100,normal,0.463,0.527,0,true,1,moves 18,19550,12840,14,10000,12500,15500,
101,normal,0.461,0.467,0.14,true,0,moves 16,20680,12080,7,12500,14500,17000,
102,normal,0.46,0.47,0.1,true,0,moves 37,41830,22050,21,21500,28000,32000,
103,breather,0.658,0.733,0.09,true,0,moves 25,28780,16480,16,14000,19000,23500,
104,normal,0.456,0.453,0.02,true,0,moves 36,32510,15770,22,16000,21000,26500,
105,hard,0.159,0.143,0.02,true,0,moves 15,17150,8510,13,8000,11000,15000,
106,breather,0.653,0.73,0.07,true,0,moves 28,38270,24060,17,19500,24500,30500,
107,normal,0.452,0.473,0.04,true,0,moves 15,18370,13770,13,10500,12500,15000,
108,normal,0.45,0.477,0.03,true,0,moves 20,16860,11460,17,8500,11000,13000,
109,hard,0.157,0.177,0,true,0,moves 17,26590,16720,15,14500,18000,23000,
110,breather,0.647,0.657,0.2,true,5,moves 18,9520,5460,13,3000,3500,5500,
111,normal,0.446,0.44,0.05,true,0,moves 19,20440,13130,14,10500,12500,15500,
112,normal,0.444,0.44,0.05,true,0,moves 15,18000,11580,12,9000,10500,13500,
113,normal,0.443,0.457,0.02,true,0,moves 13,38210,25430,10,19500,23000,29000,
114,hard,0.155,0.183,0.03,true,2,moves 14,22940,16920,13,15500,18000,20000,
115,breather,0.64,0.637,0.13,true,0,moves 28,39210,21430,15,18500,26500,31500,
116,normal,0.439,0.423,0.02,true,1,moves 16,19270,13300,13,11000,13000,15500,
117,normal,0.437,0.447,0.02,true,4,moves 16,16900,12010,14,9500,11500,13000,
118,breather,0.636,0.617,0.2,true,1,moves 17,12880,7520,13,5500,6000,6500,
119,normal,0.434,0.433,0.08,true,1,moves 27,38490,23310,13,20500,26500,31500,
120,hard,0.152,0.173,0,true,3,moves 10,16060,8770,7,7000,9500,11000,
